,Test_score,Train_score,Test_score_drop,Accuracy,Precision,Recall,F1_score,Confusion_matrix
"LogisticRegression(max_iter=300, n_jobs=-1, random_state=42)",0.9230483271375465,0.9166976571216066,0.006927769441323506,0.9230483271375465,0.6274509803921569,0.14545454545454545,0.23616236162361623,"[[2451   19]
 [ 188   32]]"
"RandomForestClassifier(max_depth=20, n_jobs=-1, random_state=42)",0.9197026022304833,0.9721085905541094,-0.05390960313780816,0.9197026022304833,0.6428571428571429,0.04090909090909091,0.07692307692307693,"[[2465    5]
 [ 211    9]]"
"LogisticRegression(n_jobs=-1, random_state=42)",0.9189591078066914,0.9164187430271477,0.0027720567686692604,0.9189591078066914,0.52,0.11818181818181818,0.1925925925925926,"[[2446   24]
 [ 194   26]]"
"RandomForestClassifier(max_depth=10, n_jobs=-1, random_state=42)",0.9185873605947955,0.9363146150985496,-0.018933010569196634,0.9185873605947955,0.6,0.013636363636363636,0.02666666666666666,"[[2468    2]
 [ 217    3]]"
"RandomForestClassifier(n_jobs=-1, random_state=42)",0.9182156133828996,0.97192264782447,-0.0552585481589374,0.9182156133828996,0.5,0.031818181818181815,0.05982905982905982,"[[2463    7]
 [ 213    7]]"
"RandomForestClassifier(max_features='sqrt', n_jobs=-1, random_state=42)",0.9182156133828996,0.97192264782447,-0.0552585481589374,0.9182156133828996,0.5,0.031818181818181815,0.05982905982905982,"[[2463    7]
 [ 213    7]]"
"RandomForestClassifier(max_features='log2', n_jobs=-1, random_state=42)",0.9182156133828996,0.97192264782447,-0.0552585481589374,0.9182156133828996,0.5,0.031818181818181815,0.05982905982905982,"[[2463    7]
 [ 213    7]]"
KNeighborsClassifier(n_jobs=-1),0.9144981412639405,0.9189289698772778,-0.004821731340050207,0.9144981412639405,0.421875,0.12272727272727273,0.19014084507042253,"[[2433   37]
 [ 193   27]]"
"KNeighborsClassifier(n_jobs=-1, weights='distance')",0.9144981412639405,0.9693194496095203,-0.056556492668814205,0.9144981412639405,0.421875,0.12272727272727273,0.19014084507042253,"[[2433   37]
 [ 193   27]]"
