,Test_score,Train_score,Test_score_drop,Accuracy,Precision,Recall,F1_score,Confusion_matrix
"LogisticRegression(max_iter=300, n_jobs=-1, random_state=42)",0.9223048327137546,0.9156749721085905,0.007240408231205744,0.9223048327137546,0.6170212765957447,0.1318181818181818,0.21722846441947563,"[[2452   18]
 [ 191   29]]"
"LogisticRegression(n_jobs=-1, random_state=42)",0.920817843866171,0.9162328002975084,0.005004234259212098,0.920817843866171,0.574468085106383,0.12272727272727273,0.20224719101123595,"[[2450   20]
 [ 193   27]]"
"RandomForestClassifier(max_depth=10, n_jobs=-1, random_state=42)",0.9197026022304833,0.9360357010040907,-0.01744922630203831,0.9197026022304833,0.75,0.02727272727272727,0.052631578947368425,"[[2468    2]
 [ 214    6]]"
"RandomForestClassifier(max_depth=20, n_jobs=-1, random_state=42)",0.9197026022304833,0.9714577910003719,-0.05327579772312392,0.9197026022304833,0.5714285714285714,0.07272727272727272,0.1290322580645161,"[[2458   12]
 [ 204   16]]"
"RandomForestClassifier(n_jobs=-1, random_state=42)",0.9185873605947955,0.9718296764596505,-0.05478564521595521,0.9185873605947955,0.5263157894736842,0.045454545454545456,0.08368200836820085,"[[2461    9]
 [ 210   10]]"
"RandomForestClassifier(max_features='sqrt', n_jobs=-1, random_state=42)",0.9185873605947955,0.9718296764596505,-0.05478564521595521,0.9185873605947955,0.5263157894736842,0.045454545454545456,0.08368200836820085,"[[2461    9]
 [ 210   10]]"
"RandomForestClassifier(max_features='log2', n_jobs=-1, random_state=42)",0.9185873605947955,0.9718296764596505,-0.05478564521595521,0.9185873605947955,0.5263157894736842,0.045454545454545456,0.08368200836820085,"[[2461    9]
 [ 210   10]]"
KNeighborsClassifier(n_jobs=-1),0.9141263940520447,0.9176273707698029,-0.003815248791915717,0.9141263940520447,0.34285714285714286,0.05454545454545454,0.09411764705882353,"[[2447   23]
 [ 208   12]]"
"KNeighborsClassifier(n_jobs=-1, weights='distance')",0.9141263940520447,0.9703421346225363,-0.05793393748933676,0.9141263940520447,0.34285714285714286,0.05454545454545454,0.09411764705882353,"[[2447   23]
 [ 208   12]]"
