,Test_score,Train_score,Test_score_drop,Accuracy,Precision,Recall,F1_score,Confusion_matrix
"RandomForestClassifier(n_jobs=-1, random_state=42)",0.8635687732342008,0.9748928007221846,-0.11419104480566156,0.8635687732342008,0.29411764705882354,0.4772727272727273,0.36395147313691506,"[[2218  252]
 [ 115  105]]"
"RandomForestClassifier(max_features='sqrt', n_jobs=-1, random_state=42)",0.8635687732342008,0.9748928007221846,-0.11419104480566156,0.8635687732342008,0.29411764705882354,0.4772727272727273,0.36395147313691506,"[[2218  252]
 [ 115  105]]"
"RandomForestClassifier(max_features='log2', n_jobs=-1, random_state=42)",0.8635687732342008,0.9748928007221846,-0.11419104480566156,0.8635687732342008,0.29411764705882354,0.4772727272727273,0.36395147313691506,"[[2218  252]
 [ 115  105]]"
"RandomForestClassifier(max_depth=20, n_jobs=-1, random_state=42)",0.8628252788104089,0.9741593319792372,-0.11428731370116485,0.8628252788104089,0.2958904109589041,0.4909090909090909,0.3692307692307693,"[[2213  257]
 [ 112  108]]"
"RandomForestClassifier(max_depth=10, n_jobs=-1, random_state=42)",0.812639405204461,0.9025614985330626,-0.09962987948716223,0.812639405204461,0.24733096085409254,0.6318181818181818,0.3554987212276215,"[[2047  423]
 [  81  139]]"
"LogisticRegression(n_jobs=-1, random_state=42)",0.7951672862453532,0.7868991198375085,0.01050727621801383,0.7951672862453532,0.2555391432791728,0.7863636363636364,0.38573021181716827,"[[1966  504]
 [  47  173]]"
"LogisticRegression(max_iter=300, n_jobs=-1, random_state=42)",0.7951672862453532,0.7868991198375085,0.01050727621801383,0.7951672862453532,0.2555391432791728,0.7863636363636364,0.38573021181716827,"[[1966  504]
 [  47  173]]"
KNeighborsClassifier(n_jobs=-1),0.762453531598513,0.8908824193184383,-0.1441591897370459,0.762453531598513,0.2061711079943899,0.6681818181818182,0.31511254019292606,"[[1904  566]
 [  73  147]]"
"KNeighborsClassifier(n_jobs=-1, weights='distance')",0.762453531598513,0.9580230196343941,-0.20413861047985601,0.762453531598513,0.20534458509142053,0.6636363636363637,0.31364124597207305,"[[1905  565]
 [  74  146]]"
